{
  "project_info": {
    "project_number": "396903771423",
    "project_id": "belajar-firebase-b-8a5f1",
    "storage_bucket": "belajar-firebase-b-8a5f1.firebasestorage.app"
  },
  "client": [
    {
      "client_info": {
        "mobilesdk_app_id": "1:396903771423:android:3343c6e3c0e4bf22c9942a",
        "android_client_info": {
          "package_name": "com.example.belajarfirebaseb"
        }
      },
      "oauth_client": [
        {
          "client_id": "396903771423-7o9ask57l7lsikve2njgtagd7auqphao.apps.googleusercontent.com",
          "client_type": 1,
          "android_info": {
            "package_name": "com.example.belajarfirebaseb",
            "certificate_hash": "dbf3df8c1783cd89a77a5cc7fdd7b2a5c312b5ee"
          }
        },
        {
          "client_id": "396903771423-h7kja5kjmbbm1dpo18fo273nqltfo8tk.apps.googleusercontent.com",
          "client_type": 3
        }
      ],
      "api_key": [
        {
          "current_key": "AIzaSyCmcty8bk1hHkKAC8Kp_3oZtcfA-SFoUZw"
        }
      ],
      "services": {
        "appinvite_service": {
          "other_platform_oauth_client": [
            {
              "client_id": "396903771423-h7kja5kjmbbm1dpo18fo273nqltfo8tk.apps.googleusercontent.com",
              "client_type": 3
            }
          ]
        }
      }
    }
  ],
  "configuration_version": "1"
}