{
  "project_info": {
    "project_number": "396903771423",
    "project_id": "belajar-firebase-b-8a5f1",
    "storage_bucket": "belajar-firebase-b-8a5f1.firebasestorage.app"
  },
  "client": [
    {
      "client_info": {
        "mobilesdk_app_id": "1:396903771423:android:3343c6e3c0e4bf22c9942a",
        "android_client_info": {
          "package_name": "com.example.belajarfirebaseb"
        }
      },
      "oauth_client": [],
      "api_key": [
        {
          "current_key": "AIzaSyCmcty8bk1hHkKAC8Kp_3oZtcfA-SFoUZw"
        }
      ],
      "services": {
        "appinvite_service": {
          "other_platform_oauth_client": []
        }
      }
    }
  ],
  "configuration_version": "1"
}